<?xml version="1.0" encoding="UTF-8"?>
<beans xmlns="http://www.springframework.org/schema/beans"
       xmlns:xsi="http://www.w3.org/2001/XMLSchema-instance"
       xmlns:context="http://www.springframework.org/schema/context"
       xmlns:mvc="http://www.springframework.org/schema/mvc" xmlns:p="http://www.springframework.org/schema/p"
       xsi:schemaLocation="http://www.springframework.org/schema/beans http://www.springframework.org/schema/beans/spring-beans.xsd http://www.springframework.org/schema/context http://www.springframework.org/schema/context/spring-context.xsd http://www.springframework.org/schema/mvc http://www.springframework.org/schema/mvc/spring-mvc.xsd">

    <!--<mvc:annotation-driven >-->
        <!--<mvc:message-converters>-->
            <!--<bean class="org.springframework.http.converter.StringHttpMessageConverter">-->
                <!--<property name="supportedMediaTypes">-->
                    <!--<list>-->
                        <!--<value>application/json;charset=UTF-8</value>-->
                    <!--</list>-->
                <!--</property>-->
            <!--</bean>-->
        <!--</mvc:message-converters>-->

    <!--</mvc:annotation-driven>-->


    <!--<bean class="org.springframework.web.servlet.mvc.annotation.AnnotationMethodHandlerAdapter" >-->
        <!--<property name="messageConverters">-->
            <!--<list>-->
                <!--<bean id="stringHttpMessageConverter" class="org.springframework.http.converter.StringHttpMessageConverter">-->
                    <!--<property name="writeAcceptCharset" value="false" />&lt;!&ndash; 用于避免响应头过大 &ndash;&gt;-->
                    <!--<property name="supportedMediaTypes">-->
                        <!--<list>-->
                            <!--<value>text/html;charset=UTF-8</value>-->
                        <!--</list>-->
                    <!--</property>-->
                <!--</bean>-->
            <!--</list>-->
        <!--</property>-->
    <!--</bean>-->

    <context:component-scan base-package="controller"/>
    <context:component-scan base-package="service"/>
    <context:component-scan base-package="entity"/>
    <context:component-scan base-package="DAO"/>
    <context:component-scan base-package="java"/>




</beans>