<?xml version='1.0' encoding='utf-8'?>
<!DOCTYPE hibernate-configuration PUBLIC
    "-//Hibernate/Hibernate Configuration DTD//EN"
    "http://www.hibernate.org/dtd/hibernate-configuration-3.0.dtd">
<hibernate-configuration>
  <session-factory>

    <property name="connection.url">jdbc:mysql://115.159.157.163:3306/AnyQuant</property>
    <property name="connection.driver_class">com.mysql.jdbc.Driver</property>
    <property name="current_session_context_class">thread</property>

    <mapping class="entity.UserEntity"/>

    <!-- DB schema will be updated if needed -->
    <!-- <property name="hbm2ddl.auto">update</property> -->
  </session-factory>


</hibernate-configuration>